label,api_url
president-democrat,https://api-internal.sos.ca.gov/returns/president/party/democratic
president-democrat-counties,https://api-internal.sos.ca.gov/returns/president/party/democratic/county/all
president-democrat-districts,https://api-internal.sos.ca.gov/returns/president/party/democratic/district/all
president-republican,https://api-internal.sos.ca.gov/returns/president/party/republican
president-republican-counties,https://api-internal.sos.ca.gov/returns/president/party/republican/county/all
president-republican-districts,https://api-internal.sos.ca.gov/returns/president/party/republican/district/all
president-american-independent,https://api-internal.sos.ca.gov/returns/president/party/american-independent
president-american-independent-counties,https://api-internal.sos.ca.gov/returns/president/party/american-independent/county/all
president-green,https://api-internal.sos.ca.gov/returns/president/party/green
president-green-counties,https://api-internal.sos.ca.gov/returns/president/party/green/county/all
president-libertarian,https://api-internal.sos.ca.gov/returns/president/party/libertarian
president-libertarian-counties,https://api-internal.sos.ca.gov/returns/president/party/libertarian/county/all
president-peace-and-freedom,https://api-internal.sos.ca.gov/returns/president/party/peace-and-freedom
president-peace-and-freedom-counties,https://api-internal.sos.ca.gov/returns/president/party/peace-and-freedom/county/all
us-senate,https://api-internal.sos.ca.gov/returns/us-senate
us-senate-counties,https://api-internal.sos.ca.gov/returns/us-senate/county/all
us-senate-unexpired-term,https://api-internal.sos.ca.gov/returns/us-senate-unexpired-term
us-senate-unexpired-term-counties,https://api-internal.sos.ca.gov/returns/us-senate-unexpired-term/county/all
ballot-measures,https://api-internal.sos.ca.gov/returns/ballot-measures
ballot-measures-county-alameda,https://api-internal.sos.ca.gov/returns/ballot-measures/county/alameda
ballot-measures-county-alpine,https://api-internal.sos.ca.gov/returns/ballot-measures/county/alpine
ballot-measures-county-amador,https://api-internal.sos.ca.gov/returns/ballot-measures/county/amador
ballot-measures-county-butte,https://api-internal.sos.ca.gov/returns/ballot-measures/county/butte
ballot-measures-county-calaveras,https://api-internal.sos.ca.gov/returns/ballot-measures/county/calaveras
ballot-measures-county-colusa,https://api-internal.sos.ca.gov/returns/ballot-measures/county/colusa
ballot-measures-county-contra-costa,https://api-internal.sos.ca.gov/returns/ballot-measures/county/contra-costa
ballot-measures-county-del-norte,https://api-internal.sos.ca.gov/returns/ballot-measures/county/del-norte
ballot-measures-county-el-dorado,https://api-internal.sos.ca.gov/returns/ballot-measures/county/el-dorado
ballot-measures-county-fresno,https://api-internal.sos.ca.gov/returns/ballot-measures/county/fresno
ballot-measures-county-glenn,https://api-internal.sos.ca.gov/returns/ballot-measures/county/glenn
ballot-measures-county-humboldt,https://api-internal.sos.ca.gov/returns/ballot-measures/county/humboldt
ballot-measures-county-imperial,https://api-internal.sos.ca.gov/returns/ballot-measures/county/imperial
ballot-measures-county-inyo,https://api-internal.sos.ca.gov/returns/ballot-measures/county/inyo
ballot-measures-county-kern,https://api-internal.sos.ca.gov/returns/ballot-measures/county/kern
ballot-measures-county-kings,https://api-internal.sos.ca.gov/returns/ballot-measures/county/kings
ballot-measures-county-lake,https://api-internal.sos.ca.gov/returns/ballot-measures/county/lake
ballot-measures-county-lassen,https://api-internal.sos.ca.gov/returns/ballot-measures/county/lassen
ballot-measures-county-los-angeles,https://api-internal.sos.ca.gov/returns/ballot-measures/county/los-angeles
ballot-measures-county-madera,https://api-internal.sos.ca.gov/returns/ballot-measures/county/madera
ballot-measures-county-marin,https://api-internal.sos.ca.gov/returns/ballot-measures/county/marin
ballot-measures-county-mariposa,https://api-internal.sos.ca.gov/returns/ballot-measures/county/mariposa
ballot-measures-county-mendocino,https://api-internal.sos.ca.gov/returns/ballot-measures/county/mendocino
ballot-measures-county-merced,https://api-internal.sos.ca.gov/returns/ballot-measures/county/merced
ballot-measures-county-modoc,https://api-internal.sos.ca.gov/returns/ballot-measures/county/modoc
ballot-measures-county-mono,https://api-internal.sos.ca.gov/returns/ballot-measures/county/mono
ballot-measures-county-monterey,https://api-internal.sos.ca.gov/returns/ballot-measures/county/monterey
ballot-measures-county-napa,https://api-internal.sos.ca.gov/returns/ballot-measures/county/napa
ballot-measures-county-nevada,https://api-internal.sos.ca.gov/returns/ballot-measures/county/nevada
ballot-measures-county-orange,https://api-internal.sos.ca.gov/returns/ballot-measures/county/orange
ballot-measures-county-placer,https://api-internal.sos.ca.gov/returns/ballot-measures/county/placer
ballot-measures-county-plumas,https://api-internal.sos.ca.gov/returns/ballot-measures/county/plumas
ballot-measures-county-riverside,https://api-internal.sos.ca.gov/returns/ballot-measures/county/riverside
ballot-measures-county-sacramento,https://api-internal.sos.ca.gov/returns/ballot-measures/county/sacramento
ballot-measures-county-san-benito,https://api-internal.sos.ca.gov/returns/ballot-measures/county/san-benito
ballot-measures-county-san-bernardino,https://api-internal.sos.ca.gov/returns/ballot-measures/county/san-bernardino
ballot-measures-county-san-diego,https://api-internal.sos.ca.gov/returns/ballot-measures/county/san-diego
ballot-measures-county-san-francisco,https://api-internal.sos.ca.gov/returns/ballot-measures/county/san-francisco
ballot-measures-county-san-joaquin,https://api-internal.sos.ca.gov/returns/ballot-measures/county/san-joaquin
ballot-measures-county-san-luis-obispo,https://api-internal.sos.ca.gov/returns/ballot-measures/county/san-luis-obispo
ballot-measures-county-san-mateo,https://api-internal.sos.ca.gov/returns/ballot-measures/county/san-mateo
ballot-measures-county-santa-barbara,https://api-internal.sos.ca.gov/returns/ballot-measures/county/santa-barbara
ballot-measures-county-santa-clara,https://api-internal.sos.ca.gov/returns/ballot-measures/county/santa-clara
ballot-measures-county-santa-cruz,https://api-internal.sos.ca.gov/returns/ballot-measures/county/santa-cruz
ballot-measures-county-shasta,https://api-internal.sos.ca.gov/returns/ballot-measures/county/shasta
ballot-measures-county-sierra,https://api-internal.sos.ca.gov/returns/ballot-measures/county/sierra
ballot-measures-county-siskiyou,https://api-internal.sos.ca.gov/returns/ballot-measures/county/siskiyou
ballot-measures-county-solano,https://api-internal.sos.ca.gov/returns/ballot-measures/county/solano
ballot-measures-county-sonoma,https://api-internal.sos.ca.gov/returns/ballot-measures/county/sonoma
ballot-measures-county-stanislaus,https://api-internal.sos.ca.gov/returns/ballot-measures/county/stanislaus
ballot-measures-county-sutter,https://api-internal.sos.ca.gov/returns/ballot-measures/county/sutter
ballot-measures-county-tehama,https://api-internal.sos.ca.gov/returns/ballot-measures/county/tehama
ballot-measures-county-trinity,https://api-internal.sos.ca.gov/returns/ballot-measures/county/trinity
ballot-measures-county-tulare,https://api-internal.sos.ca.gov/returns/ballot-measures/county/tulare
ballot-measures-county-tuolumne,https://api-internal.sos.ca.gov/returns/ballot-measures/county/tuolumne
ballot-measures-county-ventura,https://api-internal.sos.ca.gov/returns/ballot-measures/county/ventura
ballot-measures-county-yolo,https://api-internal.sos.ca.gov/returns/ballot-measures/county/yolo
ballot-measures-county-yuba,https://api-internal.sos.ca.gov/returns/ballot-measures/county/yuba
us-rep,https://api-internal.sos.ca.gov/returns/us-rep/district/all
us-rep-district-1,https://api-internal.sos.ca.gov/returns/us-rep/district/1
us-rep-district-2,https://api-internal.sos.ca.gov/returns/us-rep/district/2
us-rep-district-3,https://api-internal.sos.ca.gov/returns/us-rep/district/3
us-rep-district-4,https://api-internal.sos.ca.gov/returns/us-rep/district/4
us-rep-district-5,https://api-internal.sos.ca.gov/returns/us-rep/district/5
us-rep-district-6,https://api-internal.sos.ca.gov/returns/us-rep/district/6
us-rep-district-7,https://api-internal.sos.ca.gov/returns/us-rep/district/7
us-rep-district-8,https://api-internal.sos.ca.gov/returns/us-rep/district/8
us-rep-district-9,https://api-internal.sos.ca.gov/returns/us-rep/district/9
us-rep-district-10,https://api-internal.sos.ca.gov/returns/us-rep/district/10
us-rep-district-11,https://api-internal.sos.ca.gov/returns/us-rep/district/11
us-rep-district-12,https://api-internal.sos.ca.gov/returns/us-rep/district/12
us-rep-district-13,https://api-internal.sos.ca.gov/returns/us-rep/district/13
us-rep-district-14,https://api-internal.sos.ca.gov/returns/us-rep/district/14
us-rep-district-15,https://api-internal.sos.ca.gov/returns/us-rep/district/15
us-rep-district-16,https://api-internal.sos.ca.gov/returns/us-rep/district/16
us-rep-district-17,https://api-internal.sos.ca.gov/returns/us-rep/district/17
us-rep-district-18,https://api-internal.sos.ca.gov/returns/us-rep/district/18
us-rep-district-19,https://api-internal.sos.ca.gov/returns/us-rep/district/19
us-rep-district-20,https://api-internal.sos.ca.gov/returns/us-rep/district/20
us-rep-district-21,https://api-internal.sos.ca.gov/returns/us-rep/district/21
us-rep-district-22,https://api-internal.sos.ca.gov/returns/us-rep/district/22
us-rep-district-23,https://api-internal.sos.ca.gov/returns/us-rep/district/23
us-rep-district-24,https://api-internal.sos.ca.gov/returns/us-rep/district/24
us-rep-district-25,https://api-internal.sos.ca.gov/returns/us-rep/district/25
us-rep-district-26,https://api-internal.sos.ca.gov/returns/us-rep/district/26
us-rep-district-27,https://api-internal.sos.ca.gov/returns/us-rep/district/27
us-rep-district-28,https://api-internal.sos.ca.gov/returns/us-rep/district/28
us-rep-district-29,https://api-internal.sos.ca.gov/returns/us-rep/district/29
us-rep-district-30,https://api-internal.sos.ca.gov/returns/us-rep/district/30
us-rep-district-31,https://api-internal.sos.ca.gov/returns/us-rep/district/31
us-rep-district-32,https://api-internal.sos.ca.gov/returns/us-rep/district/32
us-rep-district-33,https://api-internal.sos.ca.gov/returns/us-rep/district/33
us-rep-district-34,https://api-internal.sos.ca.gov/returns/us-rep/district/34
us-rep-district-35,https://api-internal.sos.ca.gov/returns/us-rep/district/35
us-rep-district-36,https://api-internal.sos.ca.gov/returns/us-rep/district/36
us-rep-district-37,https://api-internal.sos.ca.gov/returns/us-rep/district/37
us-rep-district-38,https://api-internal.sos.ca.gov/returns/us-rep/district/38
us-rep-district-39,https://api-internal.sos.ca.gov/returns/us-rep/district/39
us-rep-district-40,https://api-internal.sos.ca.gov/returns/us-rep/district/40
us-rep-district-41,https://api-internal.sos.ca.gov/returns/us-rep/district/41
us-rep-district-42,https://api-internal.sos.ca.gov/returns/us-rep/district/42
us-rep-district-43,https://api-internal.sos.ca.gov/returns/us-rep/district/43
us-rep-district-44,https://api-internal.sos.ca.gov/returns/us-rep/district/44
us-rep-district-45,https://api-internal.sos.ca.gov/returns/us-rep/district/45
us-rep-district-46,https://api-internal.sos.ca.gov/returns/us-rep/district/46
us-rep-district-47,https://api-internal.sos.ca.gov/returns/us-rep/district/47
us-rep-district-48,https://api-internal.sos.ca.gov/returns/us-rep/district/48
us-rep-district-49,https://api-internal.sos.ca.gov/returns/us-rep/district/49
us-rep-district-50,https://api-internal.sos.ca.gov/returns/us-rep/district/50
us-rep-district-51,https://api-internal.sos.ca.gov/returns/us-rep/district/51
us-rep-district-52,https://api-internal.sos.ca.gov/returns/us-rep/district/52
us-rep-district-1-county-butte,https://api-internal.sos.ca.gov/returns/us-rep/district/1/county/butte
us-rep-district-1-county-colusa,https://api-internal.sos.ca.gov/returns/us-rep/district/1/county/colusa
us-rep-district-1-county-glenn,https://api-internal.sos.ca.gov/returns/us-rep/district/1/county/glenn
us-rep-district-1-county-lassen,https://api-internal.sos.ca.gov/returns/us-rep/district/1/county/lassen
us-rep-district-1-county-modoc,https://api-internal.sos.ca.gov/returns/us-rep/district/1/county/modoc
us-rep-district-1-county-shasta,https://api-internal.sos.ca.gov/returns/us-rep/district/1/county/shasta
us-rep-district-1-county-siskiyou,https://api-internal.sos.ca.gov/returns/us-rep/district/1/county/siskiyou
us-rep-district-1-county-sutter,https://api-internal.sos.ca.gov/returns/us-rep/district/1/county/sutter
us-rep-district-1-county-tehama,https://api-internal.sos.ca.gov/returns/us-rep/district/1/county/tehama
us-rep-district-1-county-yuba,https://api-internal.sos.ca.gov/returns/us-rep/district/1/county/yuba
us-rep-district-2-county-del-norte,https://api-internal.sos.ca.gov/returns/us-rep/district/2/county/del-norte
us-rep-district-2-county-humboldt,https://api-internal.sos.ca.gov/returns/us-rep/district/2/county/humboldt
us-rep-district-2-county-marin,https://api-internal.sos.ca.gov/returns/us-rep/district/2/county/marin
us-rep-district-2-county-mendocino,https://api-internal.sos.ca.gov/returns/us-rep/district/2/county/mendocino
us-rep-district-2-county-san-francisco,https://api-internal.sos.ca.gov/returns/us-rep/district/2/county/san-francisco
us-rep-district-2-county-sonoma,https://api-internal.sos.ca.gov/returns/us-rep/district/2/county/sonoma
us-rep-district-2-county-trinity,https://api-internal.sos.ca.gov/returns/us-rep/district/2/county/trinity
us-rep-district-3-county-alpine,https://api-internal.sos.ca.gov/returns/us-rep/district/3/county/alpine
us-rep-district-3-county-el-dorado,https://api-internal.sos.ca.gov/returns/us-rep/district/3/county/el-dorado
us-rep-district-3-county-inyo,https://api-internal.sos.ca.gov/returns/us-rep/district/3/county/inyo
us-rep-district-3-county-mono,https://api-internal.sos.ca.gov/returns/us-rep/district/3/county/mono
us-rep-district-3-county-nevada,https://api-internal.sos.ca.gov/returns/us-rep/district/3/county/nevada
us-rep-district-3-county-placer,https://api-internal.sos.ca.gov/returns/us-rep/district/3/county/placer
us-rep-district-3-county-plumas,https://api-internal.sos.ca.gov/returns/us-rep/district/3/county/plumas
us-rep-district-3-county-sacramento,https://api-internal.sos.ca.gov/returns/us-rep/district/3/county/sacramento
us-rep-district-3-county-sierra,https://api-internal.sos.ca.gov/returns/us-rep/district/3/county/sierra
us-rep-district-3-county-yuba,https://api-internal.sos.ca.gov/returns/us-rep/district/3/county/yuba
us-rep-district-4-county-lake,https://api-internal.sos.ca.gov/returns/us-rep/district/4/county/lake
us-rep-district-4-county-napa,https://api-internal.sos.ca.gov/returns/us-rep/district/4/county/napa
us-rep-district-4-county-solano,https://api-internal.sos.ca.gov/returns/us-rep/district/4/county/solano
us-rep-district-4-county-sonoma,https://api-internal.sos.ca.gov/returns/us-rep/district/4/county/sonoma
us-rep-district-4-county-yolo,https://api-internal.sos.ca.gov/returns/us-rep/district/4/county/yolo
us-rep-district-5-county-amador,https://api-internal.sos.ca.gov/returns/us-rep/district/5/county/amador
us-rep-district-5-county-calaveras,https://api-internal.sos.ca.gov/returns/us-rep/district/5/county/calaveras
us-rep-district-5-county-el-dorado,https://api-internal.sos.ca.gov/returns/us-rep/district/5/county/el-dorado
us-rep-district-5-county-fresno,https://api-internal.sos.ca.gov/returns/us-rep/district/5/county/fresno
us-rep-district-5-county-madera,https://api-internal.sos.ca.gov/returns/us-rep/district/5/county/madera
us-rep-district-5-county-mariposa,https://api-internal.sos.ca.gov/returns/us-rep/district/5/county/mariposa
us-rep-district-5-county-stanislaus,https://api-internal.sos.ca.gov/returns/us-rep/district/5/county/stanislaus
us-rep-district-5-county-tuolumne,https://api-internal.sos.ca.gov/returns/us-rep/district/5/county/tuolumne
us-rep-district-6-county-sacramento,https://api-internal.sos.ca.gov/returns/us-rep/district/6/county/sacramento
us-rep-district-7-county-sacramento,https://api-internal.sos.ca.gov/returns/us-rep/district/7/county/sacramento
us-rep-district-7-county-solano,https://api-internal.sos.ca.gov/returns/us-rep/district/7/county/solano
us-rep-district-7-county-yolo,https://api-internal.sos.ca.gov/returns/us-rep/district/7/county/yolo
us-rep-district-8-county-contra-costa,https://api-internal.sos.ca.gov/returns/us-rep/district/8/county/contra-costa
us-rep-district-8-county-solano,https://api-internal.sos.ca.gov/returns/us-rep/district/8/county/solano
us-rep-district-9-county-contra-costa,https://api-internal.sos.ca.gov/returns/us-rep/district/9/county/contra-costa
us-rep-district-9-county-san-joaquin,https://api-internal.sos.ca.gov/returns/us-rep/district/9/county/san-joaquin
us-rep-district-9-county-stanislaus,https://api-internal.sos.ca.gov/returns/us-rep/district/9/county/stanislaus
us-rep-district-10-county-alameda,https://api-internal.sos.ca.gov/returns/us-rep/district/10/county/alameda
us-rep-district-10-county-contra-costa,https://api-internal.sos.ca.gov/returns/us-rep/district/10/county/contra-costa
us-rep-district-11-county-san-francisco,https://api-internal.sos.ca.gov/returns/us-rep/district/11/county/san-francisco
us-rep-district-12-county-alameda,https://api-internal.sos.ca.gov/returns/us-rep/district/12/county/alameda
us-rep-district-12-county-san-francisco,https://api-internal.sos.ca.gov/returns/us-rep/district/12/county/san-francisco
us-rep-district-13-county-fresno,https://api-internal.sos.ca.gov/returns/us-rep/district/13/county/fresno
us-rep-district-13-county-madera,https://api-internal.sos.ca.gov/returns/us-rep/district/13/county/madera
us-rep-district-13-county-merced,https://api-internal.sos.ca.gov/returns/us-rep/district/13/county/merced
us-rep-district-13-county-san-joaquin,https://api-internal.sos.ca.gov/returns/us-rep/district/13/county/san-joaquin
us-rep-district-13-county-stanislaus,https://api-internal.sos.ca.gov/returns/us-rep/district/13/county/stanislaus
us-rep-district-14-county-alameda,https://api-internal.sos.ca.gov/returns/us-rep/district/14/county/alameda
us-rep-district-15-county-san-francisco,https://api-internal.sos.ca.gov/returns/us-rep/district/15/county/san-francisco
us-rep-district-15-county-san-mateo,https://api-internal.sos.ca.gov/returns/us-rep/district/15/county/san-mateo
us-rep-district-16-county-san-mateo,https://api-internal.sos.ca.gov/returns/us-rep/district/16/county/san-mateo
us-rep-district-16-county-santa-clara,https://api-internal.sos.ca.gov/returns/us-rep/district/16/county/santa-clara
us-rep-district-17-county-alameda,https://api-internal.sos.ca.gov/returns/us-rep/district/17/county/alameda
us-rep-district-17-county-santa-clara,https://api-internal.sos.ca.gov/returns/us-rep/district/17/county/santa-clara
us-rep-district-18-county-monterey,https://api-internal.sos.ca.gov/returns/us-rep/district/18/county/monterey
us-rep-district-18-county-san-benito,https://api-internal.sos.ca.gov/returns/us-rep/district/18/county/san-benito
us-rep-district-18-county-santa-clara,https://api-internal.sos.ca.gov/returns/us-rep/district/18/county/santa-clara
us-rep-district-18-county-santa-cruz,https://api-internal.sos.ca.gov/returns/us-rep/district/18/county/santa-cruz
us-rep-district-19-county-monterey,https://api-internal.sos.ca.gov/returns/us-rep/district/19/county/monterey
us-rep-district-19-county-san-luis-obispo,https://api-internal.sos.ca.gov/returns/us-rep/district/19/county/san-luis-obispo
us-rep-district-19-county-santa-clara,https://api-internal.sos.ca.gov/returns/us-rep/district/19/county/santa-clara
us-rep-district-19-county-santa-cruz,https://api-internal.sos.ca.gov/returns/us-rep/district/19/county/santa-cruz
us-rep-district-20-county-fresno,https://api-internal.sos.ca.gov/returns/us-rep/district/20/county/fresno
us-rep-district-20-county-kern,https://api-internal.sos.ca.gov/returns/us-rep/district/20/county/kern
us-rep-district-20-county-kings,https://api-internal.sos.ca.gov/returns/us-rep/district/20/county/kings
us-rep-district-20-county-tulare,https://api-internal.sos.ca.gov/returns/us-rep/district/20/county/tulare
us-rep-district-21-county-fresno,https://api-internal.sos.ca.gov/returns/us-rep/district/21/county/fresno
us-rep-district-21-county-tulare,https://api-internal.sos.ca.gov/returns/us-rep/district/21/county/tulare
us-rep-district-22-county-kern,https://api-internal.sos.ca.gov/returns/us-rep/district/22/county/kern
us-rep-district-22-county-kings,https://api-internal.sos.ca.gov/returns/us-rep/district/22/county/kings
us-rep-district-22-county-tulare,https://api-internal.sos.ca.gov/returns/us-rep/district/22/county/tulare
us-rep-district-23-county-kern,https://api-internal.sos.ca.gov/returns/us-rep/district/23/county/kern
us-rep-district-23-county-los-angeles,https://api-internal.sos.ca.gov/returns/us-rep/district/23/county/los-angeles
us-rep-district-23-county-san-bernardino,https://api-internal.sos.ca.gov/returns/us-rep/district/23/county/san-bernardino
us-rep-district-24-county-san-luis-obispo,https://api-internal.sos.ca.gov/returns/us-rep/district/24/county/san-luis-obispo
us-rep-district-24-county-santa-barbara,https://api-internal.sos.ca.gov/returns/us-rep/district/24/county/santa-barbara
us-rep-district-24-county-ventura,https://api-internal.sos.ca.gov/returns/us-rep/district/24/county/ventura
us-rep-district-25-county-imperial,https://api-internal.sos.ca.gov/returns/us-rep/district/25/county/imperial
us-rep-district-25-county-riverside,https://api-internal.sos.ca.gov/returns/us-rep/district/25/county/riverside
us-rep-district-25-county-san-bernardino,https://api-internal.sos.ca.gov/returns/us-rep/district/25/county/san-bernardino
us-rep-district-26-county-los-angeles,https://api-internal.sos.ca.gov/returns/us-rep/district/26/county/los-angeles
us-rep-district-26-county-ventura,https://api-internal.sos.ca.gov/returns/us-rep/district/26/county/ventura
us-rep-district-27-county-los-angeles,https://api-internal.sos.ca.gov/returns/us-rep/district/27/county/los-angeles
us-rep-district-28-county-los-angeles,https://api-internal.sos.ca.gov/returns/us-rep/district/28/county/los-angeles
us-rep-district-28-county-san-bernardino,https://api-internal.sos.ca.gov/returns/us-rep/district/28/county/san-bernardino
us-rep-district-29-county-los-angeles,https://api-internal.sos.ca.gov/returns/us-rep/district/29/county/los-angeles
us-rep-district-30-county-los-angeles,https://api-internal.sos.ca.gov/returns/us-rep/district/30/county/los-angeles
us-rep-district-31-county-los-angeles,https://api-internal.sos.ca.gov/returns/us-rep/district/31/county/los-angeles
us-rep-district-32-county-los-angeles,https://api-internal.sos.ca.gov/returns/us-rep/district/32/county/los-angeles
us-rep-district-32-county-ventura,https://api-internal.sos.ca.gov/returns/us-rep/district/32/county/ventura
us-rep-district-33-county-san-bernardino,https://api-internal.sos.ca.gov/returns/us-rep/district/33/county/san-bernardino
us-rep-district-34-county-los-angeles,https://api-internal.sos.ca.gov/returns/us-rep/district/34/county/los-angeles
us-rep-district-35-county-los-angeles,https://api-internal.sos.ca.gov/returns/us-rep/district/35/county/los-angeles
us-rep-district-35-county-riverside,https://api-internal.sos.ca.gov/returns/us-rep/district/35/county/riverside
us-rep-district-35-county-san-bernardino,https://api-internal.sos.ca.gov/returns/us-rep/district/35/county/san-bernardino
us-rep-district-36-county-los-angeles,https://api-internal.sos.ca.gov/returns/us-rep/district/36/county/los-angeles
us-rep-district-37-county-los-angeles,https://api-internal.sos.ca.gov/returns/us-rep/district/37/county/los-angeles
us-rep-district-38-county-los-angeles,https://api-internal.sos.ca.gov/returns/us-rep/district/38/county/los-angeles
us-rep-district-38-county-orange,https://api-internal.sos.ca.gov/returns/us-rep/district/38/county/orange
us-rep-district-39-county-riverside,https://api-internal.sos.ca.gov/returns/us-rep/district/39/county/riverside
us-rep-district-40-county-orange,https://api-internal.sos.ca.gov/returns/us-rep/district/40/county/orange
us-rep-district-40-county-riverside,https://api-internal.sos.ca.gov/returns/us-rep/district/40/county/riverside
us-rep-district-40-county-san-bernardino,https://api-internal.sos.ca.gov/returns/us-rep/district/40/county/san-bernardino
us-rep-district-41-county-riverside,https://api-internal.sos.ca.gov/returns/us-rep/district/41/county/riverside
us-rep-district-42-county-los-angeles,https://api-internal.sos.ca.gov/returns/us-rep/district/42/county/los-angeles
us-rep-district-43-county-los-angeles,https://api-internal.sos.ca.gov/returns/us-rep/district/43/county/los-angeles
us-rep-district-44-county-los-angeles,https://api-internal.sos.ca.gov/returns/us-rep/district/44/county/los-angeles
us-rep-district-45-county-los-angeles,https://api-internal.sos.ca.gov/returns/us-rep/district/45/county/los-angeles
us-rep-district-45-county-orange,https://api-internal.sos.ca.gov/returns/us-rep/district/45/county/orange
us-rep-district-46-county-orange,https://api-internal.sos.ca.gov/returns/us-rep/district/46/county/orange
us-rep-district-47-county-orange,https://api-internal.sos.ca.gov/returns/us-rep/district/47/county/orange
us-rep-district-48-county-riverside,https://api-internal.sos.ca.gov/returns/us-rep/district/48/county/riverside
us-rep-district-48-county-san-diego,https://api-internal.sos.ca.gov/returns/us-rep/district/48/county/san-diego
us-rep-district-49-county-orange,https://api-internal.sos.ca.gov/returns/us-rep/district/49/county/orange
us-rep-district-49-county-san-diego,https://api-internal.sos.ca.gov/returns/us-rep/district/49/county/san-diego
us-rep-district-50-county-san-diego,https://api-internal.sos.ca.gov/returns/us-rep/district/50/county/san-diego
us-rep-district-51-county-san-diego,https://api-internal.sos.ca.gov/returns/us-rep/district/51/county/san-diego
us-rep-district-52-county-san-diego,https://api-internal.sos.ca.gov/returns/us-rep/district/52/county/san-diego
state-senate,https://api-internal.sos.ca.gov/returns/state-senate/district/all
state-senate-district-1,https://api-internal.sos.ca.gov/returns/state-senate/district/1
state-senate-district-2,https://api-internal.sos.ca.gov/returns/state-senate/district/2
state-senate-district-3,https://api-internal.sos.ca.gov/returns/state-senate/district/3
state-senate-district-4,https://api-internal.sos.ca.gov/returns/state-senate/district/4
state-senate-district-5,https://api-internal.sos.ca.gov/returns/state-senate/district/5
state-senate-district-6,https://api-internal.sos.ca.gov/returns/state-senate/district/6
state-senate-district-7,https://api-internal.sos.ca.gov/returns/state-senate/district/7
state-senate-district-8,https://api-internal.sos.ca.gov/returns/state-senate/district/8
state-senate-district-9,https://api-internal.sos.ca.gov/returns/state-senate/district/9
state-senate-district-10,https://api-internal.sos.ca.gov/returns/state-senate/district/10
state-senate-district-11,https://api-internal.sos.ca.gov/returns/state-senate/district/11
state-senate-district-12,https://api-internal.sos.ca.gov/returns/state-senate/district/12
state-senate-district-13,https://api-internal.sos.ca.gov/returns/state-senate/district/13
state-senate-district-14,https://api-internal.sos.ca.gov/returns/state-senate/district/14
state-senate-district-15,https://api-internal.sos.ca.gov/returns/state-senate/district/15
state-senate-district-16,https://api-internal.sos.ca.gov/returns/state-senate/district/16
state-senate-district-17,https://api-internal.sos.ca.gov/returns/state-senate/district/17
state-senate-district-18,https://api-internal.sos.ca.gov/returns/state-senate/district/18
state-senate-district-19,https://api-internal.sos.ca.gov/returns/state-senate/district/19
state-senate-district-20,https://api-internal.sos.ca.gov/returns/state-senate/district/20
state-senate-district-21,https://api-internal.sos.ca.gov/returns/state-senate/district/21
state-senate-district-22,https://api-internal.sos.ca.gov/returns/state-senate/district/22
state-senate-district-23,https://api-internal.sos.ca.gov/returns/state-senate/district/23
state-senate-district-24,https://api-internal.sos.ca.gov/returns/state-senate/district/24
state-senate-district-25,https://api-internal.sos.ca.gov/returns/state-senate/district/25
state-senate-district-26,https://api-internal.sos.ca.gov/returns/state-senate/district/26
state-senate-district-27,https://api-internal.sos.ca.gov/returns/state-senate/district/27
state-senate-district-28,https://api-internal.sos.ca.gov/returns/state-senate/district/28
state-senate-district-29,https://api-internal.sos.ca.gov/returns/state-senate/district/29
state-senate-district-30,https://api-internal.sos.ca.gov/returns/state-senate/district/30
state-senate-district-31,https://api-internal.sos.ca.gov/returns/state-senate/district/31
state-senate-district-32,https://api-internal.sos.ca.gov/returns/state-senate/district/32
state-senate-district-33,https://api-internal.sos.ca.gov/returns/state-senate/district/33
state-senate-district-34,https://api-internal.sos.ca.gov/returns/state-senate/district/34
state-senate-district-35,https://api-internal.sos.ca.gov/returns/state-senate/district/35
state-senate-district-36,https://api-internal.sos.ca.gov/returns/state-senate/district/36
state-senate-district-37,https://api-internal.sos.ca.gov/returns/state-senate/district/37
state-senate-district-38,https://api-internal.sos.ca.gov/returns/state-senate/district/38
state-senate-district-39,https://api-internal.sos.ca.gov/returns/state-senate/district/39
state-senate-district-40,https://api-internal.sos.ca.gov/returns/state-senate/district/40
state-senate-district-1-county-butte,https://api-internal.sos.ca.gov/returns/state-senate/district/1/county/butte
state-senate-district-1-county-colusa,https://api-internal.sos.ca.gov/returns/state-senate/district/1/county/colusa
state-senate-district-1-county-glenn,https://api-internal.sos.ca.gov/returns/state-senate/district/1/county/glenn
state-senate-district-1-county-lassen,https://api-internal.sos.ca.gov/returns/state-senate/district/1/county/lassen
state-senate-district-1-county-modoc,https://api-internal.sos.ca.gov/returns/state-senate/district/1/county/modoc
state-senate-district-1-county-nevada,https://api-internal.sos.ca.gov/returns/state-senate/district/1/county/nevada
state-senate-district-1-county-placer,https://api-internal.sos.ca.gov/returns/state-senate/district/1/county/placer
state-senate-district-1-county-plumas,https://api-internal.sos.ca.gov/returns/state-senate/district/1/county/plumas
state-senate-district-1-county-shasta,https://api-internal.sos.ca.gov/returns/state-senate/district/1/county/shasta
state-senate-district-1-county-sierra,https://api-internal.sos.ca.gov/returns/state-senate/district/1/county/sierra
state-senate-district-1-county-siskiyou,https://api-internal.sos.ca.gov/returns/state-senate/district/1/county/siskiyou
state-senate-district-1-county-sutter,https://api-internal.sos.ca.gov/returns/state-senate/district/1/county/sutter
state-senate-district-1-county-tehama,https://api-internal.sos.ca.gov/returns/state-senate/district/1/county/tehama
state-senate-district-1-county-yuba,https://api-internal.sos.ca.gov/returns/state-senate/district/1/county/yuba
state-senate-district-2-county-del-norte,https://api-internal.sos.ca.gov/returns/state-senate/district/2/county/del-norte
state-senate-district-2-county-humboldt,https://api-internal.sos.ca.gov/returns/state-senate/district/2/county/humboldt
state-senate-district-2-county-lake,https://api-internal.sos.ca.gov/returns/state-senate/district/2/county/lake
state-senate-district-2-county-marin,https://api-internal.sos.ca.gov/returns/state-senate/district/2/county/marin
state-senate-district-2-county-mendocino,https://api-internal.sos.ca.gov/returns/state-senate/district/2/county/mendocino
state-senate-district-2-county-san-francisco,https://api-internal.sos.ca.gov/returns/state-senate/district/2/county/san-francisco
state-senate-district-2-county-sonoma,https://api-internal.sos.ca.gov/returns/state-senate/district/2/county/sonoma
state-senate-district-2-county-trinity,https://api-internal.sos.ca.gov/returns/state-senate/district/2/county/trinity
state-senate-district-3-county-contra-costa,https://api-internal.sos.ca.gov/returns/state-senate/district/3/county/contra-costa
state-senate-district-3-county-napa,https://api-internal.sos.ca.gov/returns/state-senate/district/3/county/napa
state-senate-district-3-county-sacramento,https://api-internal.sos.ca.gov/returns/state-senate/district/3/county/sacramento
state-senate-district-3-county-solano,https://api-internal.sos.ca.gov/returns/state-senate/district/3/county/solano
state-senate-district-3-county-sonoma,https://api-internal.sos.ca.gov/returns/state-senate/district/3/county/sonoma
state-senate-district-3-county-yolo,https://api-internal.sos.ca.gov/returns/state-senate/district/3/county/yolo
state-senate-district-4-county-alpine,https://api-internal.sos.ca.gov/returns/state-senate/district/4/county/alpine
state-senate-district-4-county-amador,https://api-internal.sos.ca.gov/returns/state-senate/district/4/county/amador
state-senate-district-4-county-calaveras,https://api-internal.sos.ca.gov/returns/state-senate/district/4/county/calaveras
state-senate-district-4-county-el-dorado,https://api-internal.sos.ca.gov/returns/state-senate/district/4/county/el-dorado
state-senate-district-4-county-inyo,https://api-internal.sos.ca.gov/returns/state-senate/district/4/county/inyo
state-senate-district-4-county-madera,https://api-internal.sos.ca.gov/returns/state-senate/district/4/county/madera
state-senate-district-4-county-mariposa,https://api-internal.sos.ca.gov/returns/state-senate/district/4/county/mariposa
state-senate-district-4-county-merced,https://api-internal.sos.ca.gov/returns/state-senate/district/4/county/merced
state-senate-district-4-county-mono,https://api-internal.sos.ca.gov/returns/state-senate/district/4/county/mono
state-senate-district-4-county-nevada,https://api-internal.sos.ca.gov/returns/state-senate/district/4/county/nevada
state-senate-district-4-county-placer,https://api-internal.sos.ca.gov/returns/state-senate/district/4/county/placer
state-senate-district-4-county-stanislaus,https://api-internal.sos.ca.gov/returns/state-senate/district/4/county/stanislaus
state-senate-district-4-county-tuolumne,https://api-internal.sos.ca.gov/returns/state-senate/district/4/county/tuolumne
state-senate-district-5-county-alameda,https://api-internal.sos.ca.gov/returns/state-senate/district/5/county/alameda
state-senate-district-5-county-san-joaquin,https://api-internal.sos.ca.gov/returns/state-senate/district/5/county/san-joaquin
state-senate-district-6-county-placer,https://api-internal.sos.ca.gov/returns/state-senate/district/6/county/placer
state-senate-district-6-county-sacramento,https://api-internal.sos.ca.gov/returns/state-senate/district/6/county/sacramento
state-senate-district-7-county-alameda,https://api-internal.sos.ca.gov/returns/state-senate/district/7/county/alameda
state-senate-district-7-county-contra-costa,https://api-internal.sos.ca.gov/returns/state-senate/district/7/county/contra-costa
state-senate-district-7-county-san-francisco,https://api-internal.sos.ca.gov/returns/state-senate/district/7/county/san-francisco
state-senate-district-8-county-sacramento,https://api-internal.sos.ca.gov/returns/state-senate/district/8/county/sacramento
state-senate-district-9-county-alameda,https://api-internal.sos.ca.gov/returns/state-senate/district/9/county/alameda
state-senate-district-9-county-contra-costa,https://api-internal.sos.ca.gov/returns/state-senate/district/9/county/contra-costa
state-senate-district-10-county-alameda,https://api-internal.sos.ca.gov/returns/state-senate/district/10/county/alameda
state-senate-district-10-county-santa-clara,https://api-internal.sos.ca.gov/returns/state-senate/district/10/county/santa-clara
state-senate-district-11-county-san-francisco,https://api-internal.sos.ca.gov/returns/state-senate/district/11/county/san-francisco
state-senate-district-11-county-san-mateo,https://api-internal.sos.ca.gov/returns/state-senate/district/11/county/san-mateo
state-senate-district-12-county-fresno,https://api-internal.sos.ca.gov/returns/state-senate/district/12/county/fresno
state-senate-district-12-county-kern,https://api-internal.sos.ca.gov/returns/state-senate/district/12/county/kern
state-senate-district-12-county-tulare,https://api-internal.sos.ca.gov/returns/state-senate/district/12/county/tulare
state-senate-district-13-county-san-mateo,https://api-internal.sos.ca.gov/returns/state-senate/district/13/county/san-mateo
state-senate-district-13-county-santa-clara,https://api-internal.sos.ca.gov/returns/state-senate/district/13/county/santa-clara
state-senate-district-14-county-fresno,https://api-internal.sos.ca.gov/returns/state-senate/district/14/county/fresno
state-senate-district-14-county-madera,https://api-internal.sos.ca.gov/returns/state-senate/district/14/county/madera
state-senate-district-14-county-merced,https://api-internal.sos.ca.gov/returns/state-senate/district/14/county/merced
state-senate-district-14-county-tulare,https://api-internal.sos.ca.gov/returns/state-senate/district/14/county/tulare
state-senate-district-15-county-santa-clara,https://api-internal.sos.ca.gov/returns/state-senate/district/15/county/santa-clara
state-senate-district-16-county-fresno,https://api-internal.sos.ca.gov/returns/state-senate/district/16/county/fresno
state-senate-district-16-county-kern,https://api-internal.sos.ca.gov/returns/state-senate/district/16/county/kern
state-senate-district-16-county-kings,https://api-internal.sos.ca.gov/returns/state-senate/district/16/county/kings
state-senate-district-16-county-tulare,https://api-internal.sos.ca.gov/returns/state-senate/district/16/county/tulare
state-senate-district-17-county-monterey,https://api-internal.sos.ca.gov/returns/state-senate/district/17/county/monterey
state-senate-district-17-county-san-benito,https://api-internal.sos.ca.gov/returns/state-senate/district/17/county/san-benito
state-senate-district-17-county-san-luis-obispo,https://api-internal.sos.ca.gov/returns/state-senate/district/17/county/san-luis-obispo
state-senate-district-17-county-santa-cruz,https://api-internal.sos.ca.gov/returns/state-senate/district/17/county/santa-cruz
state-senate-district-18-county-imperial,https://api-internal.sos.ca.gov/returns/state-senate/district/18/county/imperial
state-senate-district-18-county-riverside,https://api-internal.sos.ca.gov/returns/state-senate/district/18/county/riverside
state-senate-district-18-county-san-bernardino,https://api-internal.sos.ca.gov/returns/state-senate/district/18/county/san-bernardino
state-senate-district-18-county-san-diego,https://api-internal.sos.ca.gov/returns/state-senate/district/18/county/san-diego
state-senate-district-19-county-riverside,https://api-internal.sos.ca.gov/returns/state-senate/district/19/county/riverside
state-senate-district-19-county-san-bernardino,https://api-internal.sos.ca.gov/returns/state-senate/district/19/county/san-bernardino
state-senate-district-20-county-los-angeles,https://api-internal.sos.ca.gov/returns/state-senate/district/20/county/los-angeles
state-senate-district-21-county-san-luis-obispo,https://api-internal.sos.ca.gov/returns/state-senate/district/21/county/san-luis-obispo
state-senate-district-21-county-santa-barbara,https://api-internal.sos.ca.gov/returns/state-senate/district/21/county/santa-barbara
state-senate-district-21-county-ventura,https://api-internal.sos.ca.gov/returns/state-senate/district/21/county/ventura
state-senate-district-22-county-los-angeles,https://api-internal.sos.ca.gov/returns/state-senate/district/22/county/los-angeles
state-senate-district-22-county-san-bernardino,https://api-internal.sos.ca.gov/returns/state-senate/district/22/county/san-bernardino
state-senate-district-23-county-los-angeles,https://api-internal.sos.ca.gov/returns/state-senate/district/23/county/los-angeles
state-senate-district-23-county-san-bernardino,https://api-internal.sos.ca.gov/returns/state-senate/district/23/county/san-bernardino
state-senate-district-24-county-los-angeles,https://api-internal.sos.ca.gov/returns/state-senate/district/24/county/los-angeles
state-senate-district-25-county-los-angeles,https://api-internal.sos.ca.gov/returns/state-senate/district/25/county/los-angeles
state-senate-district-25-county-san-bernardino,https://api-internal.sos.ca.gov/returns/state-senate/district/25/county/san-bernardino
state-senate-district-26-county-los-angeles,https://api-internal.sos.ca.gov/returns/state-senate/district/26/county/los-angeles
state-senate-district-27-county-los-angeles,https://api-internal.sos.ca.gov/returns/state-senate/district/27/county/los-angeles
state-senate-district-27-county-ventura,https://api-internal.sos.ca.gov/returns/state-senate/district/27/county/ventura
state-senate-district-28-county-los-angeles,https://api-internal.sos.ca.gov/returns/state-senate/district/28/county/los-angeles
state-senate-district-29-county-san-bernardino,https://api-internal.sos.ca.gov/returns/state-senate/district/29/county/san-bernardino
state-senate-district-30-county-los-angeles,https://api-internal.sos.ca.gov/returns/state-senate/district/30/county/los-angeles
state-senate-district-30-county-orange,https://api-internal.sos.ca.gov/returns/state-senate/district/30/county/orange
state-senate-district-31-county-riverside,https://api-internal.sos.ca.gov/returns/state-senate/district/31/county/riverside
state-senate-district-31-county-san-bernardino,https://api-internal.sos.ca.gov/returns/state-senate/district/31/county/san-bernardino
state-senate-district-32-county-orange,https://api-internal.sos.ca.gov/returns/state-senate/district/32/county/orange
state-senate-district-32-county-riverside,https://api-internal.sos.ca.gov/returns/state-senate/district/32/county/riverside
state-senate-district-32-county-san-bernardino,https://api-internal.sos.ca.gov/returns/state-senate/district/32/county/san-bernardino
state-senate-district-32-county-san-diego,https://api-internal.sos.ca.gov/returns/state-senate/district/32/county/san-diego
state-senate-district-33-county-los-angeles,https://api-internal.sos.ca.gov/returns/state-senate/district/33/county/los-angeles
state-senate-district-34-county-los-angeles,https://api-internal.sos.ca.gov/returns/state-senate/district/34/county/los-angeles
state-senate-district-34-county-orange,https://api-internal.sos.ca.gov/returns/state-senate/district/34/county/orange
state-senate-district-35-county-los-angeles,https://api-internal.sos.ca.gov/returns/state-senate/district/35/county/los-angeles
state-senate-district-36-county-los-angeles,https://api-internal.sos.ca.gov/returns/state-senate/district/36/county/los-angeles
state-senate-district-36-county-orange,https://api-internal.sos.ca.gov/returns/state-senate/district/36/county/orange
state-senate-district-37-county-orange,https://api-internal.sos.ca.gov/returns/state-senate/district/37/county/orange
state-senate-district-38-county-orange,https://api-internal.sos.ca.gov/returns/state-senate/district/38/county/orange
state-senate-district-38-county-san-diego,https://api-internal.sos.ca.gov/returns/state-senate/district/38/county/san-diego
state-senate-district-39-county-san-diego,https://api-internal.sos.ca.gov/returns/state-senate/district/39/county/san-diego
state-senate-district-40-county-san-diego,https://api-internal.sos.ca.gov/returns/state-senate/district/40/county/san-diego
state-assembly,https://api-internal.sos.ca.gov/returns/state-assembly/district/all
state-assembly-district-1,https://api-internal.sos.ca.gov/returns/state-assembly/district/1
state-assembly-district-2,https://api-internal.sos.ca.gov/returns/state-assembly/district/2
state-assembly-district-3,https://api-internal.sos.ca.gov/returns/state-assembly/district/3
state-assembly-district-4,https://api-internal.sos.ca.gov/returns/state-assembly/district/4
state-assembly-district-5,https://api-internal.sos.ca.gov/returns/state-assembly/district/5
state-assembly-district-6,https://api-internal.sos.ca.gov/returns/state-assembly/district/6
state-assembly-district-7,https://api-internal.sos.ca.gov/returns/state-assembly/district/7
state-assembly-district-8,https://api-internal.sos.ca.gov/returns/state-assembly/district/8
state-assembly-district-9,https://api-internal.sos.ca.gov/returns/state-assembly/district/9
state-assembly-district-10,https://api-internal.sos.ca.gov/returns/state-assembly/district/10
state-assembly-district-11,https://api-internal.sos.ca.gov/returns/state-assembly/district/11
state-assembly-district-12,https://api-internal.sos.ca.gov/returns/state-assembly/district/12
state-assembly-district-13,https://api-internal.sos.ca.gov/returns/state-assembly/district/13
state-assembly-district-14,https://api-internal.sos.ca.gov/returns/state-assembly/district/14
state-assembly-district-15,https://api-internal.sos.ca.gov/returns/state-assembly/district/15
state-assembly-district-16,https://api-internal.sos.ca.gov/returns/state-assembly/district/16
state-assembly-district-17,https://api-internal.sos.ca.gov/returns/state-assembly/district/17
state-assembly-district-18,https://api-internal.sos.ca.gov/returns/state-assembly/district/18
state-assembly-district-19,https://api-internal.sos.ca.gov/returns/state-assembly/district/19
state-assembly-district-20,https://api-internal.sos.ca.gov/returns/state-assembly/district/20
state-assembly-district-21,https://api-internal.sos.ca.gov/returns/state-assembly/district/21
state-assembly-district-22,https://api-internal.sos.ca.gov/returns/state-assembly/district/22
state-assembly-district-23,https://api-internal.sos.ca.gov/returns/state-assembly/district/23
state-assembly-district-24,https://api-internal.sos.ca.gov/returns/state-assembly/district/24
state-assembly-district-25,https://api-internal.sos.ca.gov/returns/state-assembly/district/25
state-assembly-district-26,https://api-internal.sos.ca.gov/returns/state-assembly/district/26
state-assembly-district-27,https://api-internal.sos.ca.gov/returns/state-assembly/district/27
state-assembly-district-28,https://api-internal.sos.ca.gov/returns/state-assembly/district/28
state-assembly-district-29,https://api-internal.sos.ca.gov/returns/state-assembly/district/29
state-assembly-district-30,https://api-internal.sos.ca.gov/returns/state-assembly/district/30
state-assembly-district-31,https://api-internal.sos.ca.gov/returns/state-assembly/district/31
state-assembly-district-32,https://api-internal.sos.ca.gov/returns/state-assembly/district/32
state-assembly-district-33,https://api-internal.sos.ca.gov/returns/state-assembly/district/33
state-assembly-district-34,https://api-internal.sos.ca.gov/returns/state-assembly/district/34
state-assembly-district-35,https://api-internal.sos.ca.gov/returns/state-assembly/district/35
state-assembly-district-36,https://api-internal.sos.ca.gov/returns/state-assembly/district/36
state-assembly-district-37,https://api-internal.sos.ca.gov/returns/state-assembly/district/37
state-assembly-district-38,https://api-internal.sos.ca.gov/returns/state-assembly/district/38
state-assembly-district-39,https://api-internal.sos.ca.gov/returns/state-assembly/district/39
state-assembly-district-40,https://api-internal.sos.ca.gov/returns/state-assembly/district/40
state-assembly-district-41,https://api-internal.sos.ca.gov/returns/state-assembly/district/41
state-assembly-district-42,https://api-internal.sos.ca.gov/returns/state-assembly/district/42
state-assembly-district-43,https://api-internal.sos.ca.gov/returns/state-assembly/district/43
state-assembly-district-44,https://api-internal.sos.ca.gov/returns/state-assembly/district/44
state-assembly-district-45,https://api-internal.sos.ca.gov/returns/state-assembly/district/45
state-assembly-district-46,https://api-internal.sos.ca.gov/returns/state-assembly/district/46
state-assembly-district-47,https://api-internal.sos.ca.gov/returns/state-assembly/district/47
state-assembly-district-48,https://api-internal.sos.ca.gov/returns/state-assembly/district/48
state-assembly-district-49,https://api-internal.sos.ca.gov/returns/state-assembly/district/49
state-assembly-district-50,https://api-internal.sos.ca.gov/returns/state-assembly/district/50
state-assembly-district-51,https://api-internal.sos.ca.gov/returns/state-assembly/district/51
state-assembly-district-52,https://api-internal.sos.ca.gov/returns/state-assembly/district/52
state-assembly-district-53,https://api-internal.sos.ca.gov/returns/state-assembly/district/53
state-assembly-district-54,https://api-internal.sos.ca.gov/returns/state-assembly/district/54
state-assembly-district-55,https://api-internal.sos.ca.gov/returns/state-assembly/district/55
state-assembly-district-56,https://api-internal.sos.ca.gov/returns/state-assembly/district/56
state-assembly-district-57,https://api-internal.sos.ca.gov/returns/state-assembly/district/57
state-assembly-district-58,https://api-internal.sos.ca.gov/returns/state-assembly/district/58
state-assembly-district-59,https://api-internal.sos.ca.gov/returns/state-assembly/district/59
state-assembly-district-60,https://api-internal.sos.ca.gov/returns/state-assembly/district/60
state-assembly-district-61,https://api-internal.sos.ca.gov/returns/state-assembly/district/61
state-assembly-district-62,https://api-internal.sos.ca.gov/returns/state-assembly/district/62
state-assembly-district-63,https://api-internal.sos.ca.gov/returns/state-assembly/district/63
state-assembly-district-64,https://api-internal.sos.ca.gov/returns/state-assembly/district/64
state-assembly-district-65,https://api-internal.sos.ca.gov/returns/state-assembly/district/65
state-assembly-district-66,https://api-internal.sos.ca.gov/returns/state-assembly/district/66
state-assembly-district-67,https://api-internal.sos.ca.gov/returns/state-assembly/district/67
state-assembly-district-68,https://api-internal.sos.ca.gov/returns/state-assembly/district/68
state-assembly-district-69,https://api-internal.sos.ca.gov/returns/state-assembly/district/69
state-assembly-district-70,https://api-internal.sos.ca.gov/returns/state-assembly/district/70
state-assembly-district-71,https://api-internal.sos.ca.gov/returns/state-assembly/district/71
state-assembly-district-72,https://api-internal.sos.ca.gov/returns/state-assembly/district/72
state-assembly-district-73,https://api-internal.sos.ca.gov/returns/state-assembly/district/73
state-assembly-district-74,https://api-internal.sos.ca.gov/returns/state-assembly/district/74
state-assembly-district-75,https://api-internal.sos.ca.gov/returns/state-assembly/district/75
state-assembly-district-76,https://api-internal.sos.ca.gov/returns/state-assembly/district/76
state-assembly-district-77,https://api-internal.sos.ca.gov/returns/state-assembly/district/77
state-assembly-district-78,https://api-internal.sos.ca.gov/returns/state-assembly/district/78
state-assembly-district-79,https://api-internal.sos.ca.gov/returns/state-assembly/district/79
state-assembly-district-80,https://api-internal.sos.ca.gov/returns/state-assembly/district/80
state-assembly-district-1-county-alpine,https://api-internal.sos.ca.gov/returns/state-assembly/district/1/county/alpine
state-assembly-district-1-county-amador,https://api-internal.sos.ca.gov/returns/state-assembly/district/1/county/amador
state-assembly-district-1-county-el-dorado,https://api-internal.sos.ca.gov/returns/state-assembly/district/1/county/el-dorado
state-assembly-district-1-county-lassen,https://api-internal.sos.ca.gov/returns/state-assembly/district/1/county/lassen
state-assembly-district-1-county-modoc,https://api-internal.sos.ca.gov/returns/state-assembly/district/1/county/modoc
state-assembly-district-1-county-nevada,https://api-internal.sos.ca.gov/returns/state-assembly/district/1/county/nevada
state-assembly-district-1-county-placer,https://api-internal.sos.ca.gov/returns/state-assembly/district/1/county/placer
state-assembly-district-1-county-plumas,https://api-internal.sos.ca.gov/returns/state-assembly/district/1/county/plumas
state-assembly-district-1-county-shasta,https://api-internal.sos.ca.gov/returns/state-assembly/district/1/county/shasta
state-assembly-district-1-county-sierra,https://api-internal.sos.ca.gov/returns/state-assembly/district/1/county/sierra
state-assembly-district-1-county-siskiyou,https://api-internal.sos.ca.gov/returns/state-assembly/district/1/county/siskiyou
state-assembly-district-2-county-del-norte,https://api-internal.sos.ca.gov/returns/state-assembly/district/2/county/del-norte
state-assembly-district-2-county-humboldt,https://api-internal.sos.ca.gov/returns/state-assembly/district/2/county/humboldt
state-assembly-district-2-county-mendocino,https://api-internal.sos.ca.gov/returns/state-assembly/district/2/county/mendocino
state-assembly-district-2-county-sonoma,https://api-internal.sos.ca.gov/returns/state-assembly/district/2/county/sonoma
state-assembly-district-2-county-trinity,https://api-internal.sos.ca.gov/returns/state-assembly/district/2/county/trinity
state-assembly-district-3-county-butte,https://api-internal.sos.ca.gov/returns/state-assembly/district/3/county/butte
state-assembly-district-3-county-glenn,https://api-internal.sos.ca.gov/returns/state-assembly/district/3/county/glenn
state-assembly-district-3-county-placer,https://api-internal.sos.ca.gov/returns/state-assembly/district/3/county/placer
state-assembly-district-3-county-sutter,https://api-internal.sos.ca.gov/returns/state-assembly/district/3/county/sutter
state-assembly-district-3-county-tehama,https://api-internal.sos.ca.gov/returns/state-assembly/district/3/county/tehama
state-assembly-district-3-county-yuba,https://api-internal.sos.ca.gov/returns/state-assembly/district/3/county/yuba
state-assembly-district-4-county-colusa,https://api-internal.sos.ca.gov/returns/state-assembly/district/4/county/colusa
state-assembly-district-4-county-lake,https://api-internal.sos.ca.gov/returns/state-assembly/district/4/county/lake
state-assembly-district-4-county-napa,https://api-internal.sos.ca.gov/returns/state-assembly/district/4/county/napa
state-assembly-district-4-county-sonoma,https://api-internal.sos.ca.gov/returns/state-assembly/district/4/county/sonoma
state-assembly-district-4-county-yolo,https://api-internal.sos.ca.gov/returns/state-assembly/district/4/county/yolo
state-assembly-district-5-county-el-dorado,https://api-internal.sos.ca.gov/returns/state-assembly/district/5/county/el-dorado
state-assembly-district-5-county-placer,https://api-internal.sos.ca.gov/returns/state-assembly/district/5/county/placer
state-assembly-district-6-county-sacramento,https://api-internal.sos.ca.gov/returns/state-assembly/district/6/county/sacramento
state-assembly-district-7-county-sacramento,https://api-internal.sos.ca.gov/returns/state-assembly/district/7/county/sacramento
state-assembly-district-8-county-calaveras,https://api-internal.sos.ca.gov/returns/state-assembly/district/8/county/calaveras
state-assembly-district-8-county-fresno,https://api-internal.sos.ca.gov/returns/state-assembly/district/8/county/fresno
state-assembly-district-8-county-inyo,https://api-internal.sos.ca.gov/returns/state-assembly/district/8/county/inyo
state-assembly-district-8-county-madera,https://api-internal.sos.ca.gov/returns/state-assembly/district/8/county/madera
state-assembly-district-8-county-mariposa,https://api-internal.sos.ca.gov/returns/state-assembly/district/8/county/mariposa
state-assembly-district-8-county-mono,https://api-internal.sos.ca.gov/returns/state-assembly/district/8/county/mono
state-assembly-district-8-county-tuolumne,https://api-internal.sos.ca.gov/returns/state-assembly/district/8/county/tuolumne
state-assembly-district-9-county-amador,https://api-internal.sos.ca.gov/returns/state-assembly/district/9/county/amador
state-assembly-district-9-county-calaveras,https://api-internal.sos.ca.gov/returns/state-assembly/district/9/county/calaveras
state-assembly-district-9-county-sacramento,https://api-internal.sos.ca.gov/returns/state-assembly/district/9/county/sacramento
state-assembly-district-9-county-san-joaquin,https://api-internal.sos.ca.gov/returns/state-assembly/district/9/county/san-joaquin
state-assembly-district-9-county-stanislaus,https://api-internal.sos.ca.gov/returns/state-assembly/district/9/county/stanislaus
state-assembly-district-10-county-sacramento,https://api-internal.sos.ca.gov/returns/state-assembly/district/10/county/sacramento
state-assembly-district-11-county-contra-costa,https://api-internal.sos.ca.gov/returns/state-assembly/district/11/county/contra-costa
state-assembly-district-11-county-sacramento,https://api-internal.sos.ca.gov/returns/state-assembly/district/11/county/sacramento
state-assembly-district-11-county-solano,https://api-internal.sos.ca.gov/returns/state-assembly/district/11/county/solano
state-assembly-district-12-county-marin,https://api-internal.sos.ca.gov/returns/state-assembly/district/12/county/marin
state-assembly-district-12-county-san-francisco,https://api-internal.sos.ca.gov/returns/state-assembly/district/12/county/san-francisco
state-assembly-district-12-county-sonoma,https://api-internal.sos.ca.gov/returns/state-assembly/district/12/county/sonoma
state-assembly-district-13-county-san-joaquin,https://api-internal.sos.ca.gov/returns/state-assembly/district/13/county/san-joaquin
state-assembly-district-14-county-alameda,https://api-internal.sos.ca.gov/returns/state-assembly/district/14/county/alameda
state-assembly-district-14-county-contra-costa,https://api-internal.sos.ca.gov/returns/state-assembly/district/14/county/contra-costa
state-assembly-district-15-county-contra-costa,https://api-internal.sos.ca.gov/returns/state-assembly/district/15/county/contra-costa
state-assembly-district-16-county-alameda,https://api-internal.sos.ca.gov/returns/state-assembly/district/16/county/alameda
state-assembly-district-16-county-contra-costa,https://api-internal.sos.ca.gov/returns/state-assembly/district/16/county/contra-costa
state-assembly-district-17-county-san-francisco,https://api-internal.sos.ca.gov/returns/state-assembly/district/17/county/san-francisco
state-assembly-district-18-county-alameda,https://api-internal.sos.ca.gov/returns/state-assembly/district/18/county/alameda
state-assembly-district-18-county-san-francisco,https://api-internal.sos.ca.gov/returns/state-assembly/district/18/county/san-francisco
state-assembly-district-19-county-san-francisco,https://api-internal.sos.ca.gov/returns/state-assembly/district/19/county/san-francisco
state-assembly-district-19-county-san-mateo,https://api-internal.sos.ca.gov/returns/state-assembly/district/19/county/san-mateo
state-assembly-district-20-county-alameda,https://api-internal.sos.ca.gov/returns/state-assembly/district/20/county/alameda
state-assembly-district-21-county-san-mateo,https://api-internal.sos.ca.gov/returns/state-assembly/district/21/county/san-mateo
state-assembly-district-22-county-merced,https://api-internal.sos.ca.gov/returns/state-assembly/district/22/county/merced
state-assembly-district-22-county-stanislaus,https://api-internal.sos.ca.gov/returns/state-assembly/district/22/county/stanislaus
state-assembly-district-23-county-san-mateo,https://api-internal.sos.ca.gov/returns/state-assembly/district/23/county/san-mateo
state-assembly-district-23-county-santa-clara,https://api-internal.sos.ca.gov/returns/state-assembly/district/23/county/santa-clara
state-assembly-district-24-county-alameda,https://api-internal.sos.ca.gov/returns/state-assembly/district/24/county/alameda
state-assembly-district-24-county-santa-clara,https://api-internal.sos.ca.gov/returns/state-assembly/district/24/county/santa-clara
state-assembly-district-25-county-santa-clara,https://api-internal.sos.ca.gov/returns/state-assembly/district/25/county/santa-clara
state-assembly-district-26-county-santa-clara,https://api-internal.sos.ca.gov/returns/state-assembly/district/26/county/santa-clara
state-assembly-district-27-county-fresno,https://api-internal.sos.ca.gov/returns/state-assembly/district/27/county/fresno
state-assembly-district-27-county-madera,https://api-internal.sos.ca.gov/returns/state-assembly/district/27/county/madera
state-assembly-district-27-county-merced,https://api-internal.sos.ca.gov/returns/state-assembly/district/27/county/merced
state-assembly-district-28-county-santa-clara,https://api-internal.sos.ca.gov/returns/state-assembly/district/28/county/santa-clara
state-assembly-district-28-county-santa-cruz,https://api-internal.sos.ca.gov/returns/state-assembly/district/28/county/santa-cruz
state-assembly-district-29-county-monterey,https://api-internal.sos.ca.gov/returns/state-assembly/district/29/county/monterey
state-assembly-district-29-county-san-benito,https://api-internal.sos.ca.gov/returns/state-assembly/district/29/county/san-benito
state-assembly-district-29-county-santa-clara,https://api-internal.sos.ca.gov/returns/state-assembly/district/29/county/santa-clara
state-assembly-district-29-county-santa-cruz,https://api-internal.sos.ca.gov/returns/state-assembly/district/29/county/santa-cruz
state-assembly-district-30-county-monterey,https://api-internal.sos.ca.gov/returns/state-assembly/district/30/county/monterey
state-assembly-district-30-county-san-luis-obispo,https://api-internal.sos.ca.gov/returns/state-assembly/district/30/county/san-luis-obispo
state-assembly-district-30-county-santa-cruz,https://api-internal.sos.ca.gov/returns/state-assembly/district/30/county/santa-cruz
state-assembly-district-31-county-fresno,https://api-internal.sos.ca.gov/returns/state-assembly/district/31/county/fresno
state-assembly-district-32-county-kern,https://api-internal.sos.ca.gov/returns/state-assembly/district/32/county/kern
state-assembly-district-32-county-tulare,https://api-internal.sos.ca.gov/returns/state-assembly/district/32/county/tulare
state-assembly-district-33-county-fresno,https://api-internal.sos.ca.gov/returns/state-assembly/district/33/county/fresno
state-assembly-district-33-county-kings,https://api-internal.sos.ca.gov/returns/state-assembly/district/33/county/kings
state-assembly-district-33-county-tulare,https://api-internal.sos.ca.gov/returns/state-assembly/district/33/county/tulare
state-assembly-district-34-county-kern,https://api-internal.sos.ca.gov/returns/state-assembly/district/34/county/kern
state-assembly-district-34-county-los-angeles,https://api-internal.sos.ca.gov/returns/state-assembly/district/34/county/los-angeles
state-assembly-district-34-county-san-bernardino,https://api-internal.sos.ca.gov/returns/state-assembly/district/34/county/san-bernardino
state-assembly-district-35-county-kern,https://api-internal.sos.ca.gov/returns/state-assembly/district/35/county/kern
state-assembly-district-36-county-imperial,https://api-internal.sos.ca.gov/returns/state-assembly/district/36/county/imperial
state-assembly-district-36-county-riverside,https://api-internal.sos.ca.gov/returns/state-assembly/district/36/county/riverside
state-assembly-district-36-county-san-bernardino,https://api-internal.sos.ca.gov/returns/state-assembly/district/36/county/san-bernardino
state-assembly-district-37-county-san-luis-obispo,https://api-internal.sos.ca.gov/returns/state-assembly/district/37/county/san-luis-obispo
state-assembly-district-37-county-santa-barbara,https://api-internal.sos.ca.gov/returns/state-assembly/district/37/county/santa-barbara
state-assembly-district-38-county-ventura,https://api-internal.sos.ca.gov/returns/state-assembly/district/38/county/ventura
state-assembly-district-39-county-los-angeles,https://api-internal.sos.ca.gov/returns/state-assembly/district/39/county/los-angeles
state-assembly-district-39-county-san-bernardino,https://api-internal.sos.ca.gov/returns/state-assembly/district/39/county/san-bernardino
state-assembly-district-40-county-los-angeles,https://api-internal.sos.ca.gov/returns/state-assembly/district/40/county/los-angeles
state-assembly-district-41-county-los-angeles,https://api-internal.sos.ca.gov/returns/state-assembly/district/41/county/los-angeles
state-assembly-district-41-county-san-bernardino,https://api-internal.sos.ca.gov/returns/state-assembly/district/41/county/san-bernardino
state-assembly-district-42-county-los-angeles,https://api-internal.sos.ca.gov/returns/state-assembly/district/42/county/los-angeles
state-assembly-district-42-county-ventura,https://api-internal.sos.ca.gov/returns/state-assembly/district/42/county/ventura
state-assembly-district-43-county-los-angeles,https://api-internal.sos.ca.gov/returns/state-assembly/district/43/county/los-angeles
state-assembly-district-44-county-los-angeles,https://api-internal.sos.ca.gov/returns/state-assembly/district/44/county/los-angeles
state-assembly-district-45-county-san-bernardino,https://api-internal.sos.ca.gov/returns/state-assembly/district/45/county/san-bernardino
state-assembly-district-46-county-los-angeles,https://api-internal.sos.ca.gov/returns/state-assembly/district/46/county/los-angeles
state-assembly-district-46-county-ventura,https://api-internal.sos.ca.gov/returns/state-assembly/district/46/county/ventura
state-assembly-district-47-county-riverside,https://api-internal.sos.ca.gov/returns/state-assembly/district/47/county/riverside
state-assembly-district-47-county-san-bernardino,https://api-internal.sos.ca.gov/returns/state-assembly/district/47/county/san-bernardino
state-assembly-district-48-county-los-angeles,https://api-internal.sos.ca.gov/returns/state-assembly/district/48/county/los-angeles
state-assembly-district-49-county-los-angeles,https://api-internal.sos.ca.gov/returns/state-assembly/district/49/county/los-angeles
state-assembly-district-50-county-san-bernardino,https://api-internal.sos.ca.gov/returns/state-assembly/district/50/county/san-bernardino
state-assembly-district-51-county-los-angeles,https://api-internal.sos.ca.gov/returns/state-assembly/district/51/county/los-angeles
state-assembly-district-52-county-los-angeles,https://api-internal.sos.ca.gov/returns/state-assembly/district/52/county/los-angeles
state-assembly-district-53-county-los-angeles,https://api-internal.sos.ca.gov/returns/state-assembly/district/53/county/los-angeles
state-assembly-district-53-county-san-bernardino,https://api-internal.sos.ca.gov/returns/state-assembly/district/53/county/san-bernardino
state-assembly-district-54-county-los-angeles,https://api-internal.sos.ca.gov/returns/state-assembly/district/54/county/los-angeles
state-assembly-district-55-county-los-angeles,https://api-internal.sos.ca.gov/returns/state-assembly/district/55/county/los-angeles
state-assembly-district-56-county-los-angeles,https://api-internal.sos.ca.gov/returns/state-assembly/district/56/county/los-angeles
state-assembly-district-57-county-los-angeles,https://api-internal.sos.ca.gov/returns/state-assembly/district/57/county/los-angeles
state-assembly-district-58-county-riverside,https://api-internal.sos.ca.gov/returns/state-assembly/district/58/county/riverside
state-assembly-district-58-county-san-bernardino,https://api-internal.sos.ca.gov/returns/state-assembly/district/58/county/san-bernardino
state-assembly-district-59-county-orange,https://api-internal.sos.ca.gov/returns/state-assembly/district/59/county/orange
state-assembly-district-59-county-san-bernardino,https://api-internal.sos.ca.gov/returns/state-assembly/district/59/county/san-bernardino
state-assembly-district-60-county-riverside,https://api-internal.sos.ca.gov/returns/state-assembly/district/60/county/riverside
state-assembly-district-61-county-los-angeles,https://api-internal.sos.ca.gov/returns/state-assembly/district/61/county/los-angeles
state-assembly-district-62-county-los-angeles,https://api-internal.sos.ca.gov/returns/state-assembly/district/62/county/los-angeles
state-assembly-district-63-county-riverside,https://api-internal.sos.ca.gov/returns/state-assembly/district/63/county/riverside
state-assembly-district-64-county-los-angeles,https://api-internal.sos.ca.gov/returns/state-assembly/district/64/county/los-angeles
state-assembly-district-64-county-orange,https://api-internal.sos.ca.gov/returns/state-assembly/district/64/county/orange
state-assembly-district-65-county-los-angeles,https://api-internal.sos.ca.gov/returns/state-assembly/district/65/county/los-angeles
state-assembly-district-66-county-los-angeles,https://api-internal.sos.ca.gov/returns/state-assembly/district/66/county/los-angeles
state-assembly-district-67-county-los-angeles,https://api-internal.sos.ca.gov/returns/state-assembly/district/67/county/los-angeles
state-assembly-district-67-county-orange,https://api-internal.sos.ca.gov/returns/state-assembly/district/67/county/orange
state-assembly-district-68-county-orange,https://api-internal.sos.ca.gov/returns/state-assembly/district/68/county/orange
state-assembly-district-69-county-los-angeles,https://api-internal.sos.ca.gov/returns/state-assembly/district/69/county/los-angeles
state-assembly-district-70-county-orange,https://api-internal.sos.ca.gov/returns/state-assembly/district/70/county/orange
state-assembly-district-71-county-orange,https://api-internal.sos.ca.gov/returns/state-assembly/district/71/county/orange
state-assembly-district-71-county-riverside,https://api-internal.sos.ca.gov/returns/state-assembly/district/71/county/riverside
state-assembly-district-72-county-orange,https://api-internal.sos.ca.gov/returns/state-assembly/district/72/county/orange
state-assembly-district-73-county-orange,https://api-internal.sos.ca.gov/returns/state-assembly/district/73/county/orange
state-assembly-district-74-county-orange,https://api-internal.sos.ca.gov/returns/state-assembly/district/74/county/orange
state-assembly-district-74-county-san-diego,https://api-internal.sos.ca.gov/returns/state-assembly/district/74/county/san-diego
state-assembly-district-75-county-san-diego,https://api-internal.sos.ca.gov/returns/state-assembly/district/75/county/san-diego
state-assembly-district-76-county-san-diego,https://api-internal.sos.ca.gov/returns/state-assembly/district/76/county/san-diego
state-assembly-district-77-county-san-diego,https://api-internal.sos.ca.gov/returns/state-assembly/district/77/county/san-diego
state-assembly-district-78-county-san-diego,https://api-internal.sos.ca.gov/returns/state-assembly/district/78/county/san-diego
state-assembly-district-79-county-san-diego,https://api-internal.sos.ca.gov/returns/state-assembly/district/79/county/san-diego
state-assembly-district-80-county-san-diego,https://api-internal.sos.ca.gov/returns/state-assembly/district/80/county/san-diego
